{
    "start_recv_time":{
      "0":433668.966357668,
      "1":425595.905732065,
      "2":425631.563064366
    },
    "end_recv_time":{
      "0":433672.932308827,
      "1":425597.969767862,
      "2":425633.20507038
    },
    "motion_duration":{
      "0":3.965951159,
      "1":2.064035797,
      "2":1.642006014
    },
    "start_target_j0":{
      "0":2.78815269,
      "1":0.216233552,
      "2":-0.01984681
    },
    "start_target_j1":{
      "0":-0.548959315,
      "1":-0.722130418,
      "2":2.01795721
    },
    "start_target_j2":{
      "0":1.22079945,
      "1":-0.818949819,
      "2":-0.136134595
    },
    "start_target_j3":{
      "0":-3.11372828,
      "1":1.97634494,
      "2":0.4506616
    },
    "start_target_j4":{
      "0":1.7208221,
      "1":-2.13135719,
      "2":2.11808181
    },
    "start_target_j5":{
      "0":1.43919003,
      "1":0.285055667,
      "2":0.477393061
    },
    "end_target_j0":{
      "0":2.59801698,
      "1":-2.71871185,
      "2":-2.02500105
    },
    "end_target_j1":{
      "0":-0.220294356,
      "1":1.2864958,
      "2":0.569301486
    },
    "end_target_j2":{
      "0":-0.29266122,
      "1":-1.19104004,
      "2":-0.488151968
    },
    "end_target_j3":{
      "0":2.91992068,
      "1":3.63274884,
      "2":3.36253572
    },
    "end_target_j4":{
      "0":-0.0773232803,
      "1":-1.34899569,
      "2":0.2464986
    },
    "end_target_j5":{
      "0":-2.5077033,
      "1":1.26923764,
      "2":-0.444394797
    }
  }